{"cameraMode":{"drawMode":0,"name":"Shaded","section":"Shading Mode"},"sceneLighting":false,"audioPlay":false,"sceneViewState":{"showFog":false,"showMaterialUpdate":false,"showSkybox":false,"showFlares":false,"showImageEffects":false,"showParticleSystems":false},"in2DMode":false,"pivot":{"x":0.0,"y":0.7391833066940308,"z":0.010288536548614502},"rotation":{"x":0.045954614877700809,"y":0.9291765689849854,"z":-0.12366162240505219,"w":0.3452971577644348},"size":1.1251990795135499,"orthographic":false}