{"cameraMode":{"drawMode":0,"name":"Shaded","section":"Shading Mode"},"sceneLighting":true,"audioPlay":false,"sceneViewState":{"showFog":true,"showMaterialUpdate":true,"showSkybox":true,"showFlares":true,"showImageEffects":true,"showParticleSystems":true},"in2DMode":false,"pivot":{"x":29.936044692993165,"y":-0.018364310264587404,"z":3.226038932800293},"rotation":{"x":-0.07129266113042832,"y":0.255033016204834,"z":-0.01885436847805977,"w":-0.9641279578208923},"size":2.764732599258423,"orthographic":false}